w_power,w_airspeed,w_fc,x1,x2,x3,x4,optimal_power,optimal_airspeed,optimal_fc,objective_value
0.0,0.30000000000000004,0.7,7.474116929266512e-9,30.99999999963419,2100.0000000001323,15.00000000000254,31.166834429029894,94.15719986009891,5.947242793598555,24.08409000251069
0.01,0.29000000000000004,0.7,7.60903913321e-9,30.999999999657696,2100.0000000001346,15.000000000002538,31.166834429028466,94.15719986009843,5.9472427935984555,23.454186348199915
0.02,0.28,0.7,7.749008568049386e-9,30.9999999996785,2100.0000000001373,15.000000000002537,31.16683442902725,94.15719986009812,5.94724279359836,22.824282693889167
0.03,0.27,0.7,7.892855893991562e-9,30.999999999696904,2100.0000000001396,15.000000000002535,31.166834429026178,94.15719986009788,5.947242793598289,22.194379039578408
0.04,0.26,0.7,8.045579785313289e-9,30.99999999971323,2100.0000000001423,15.000000000002533,31.166834429025258,94.1571998600977,5.947242793598228,21.564475385267656
0.05,0.25,0.7,8.20170250522394e-9,30.999999999728068,2100.0000000001455,15.00000000000253,31.166834429024448,94.15719986009758,5.947242793598161,20.934571730956904
0.06,0.24,0.7,8.363788909245744e-9,30.99999999974128,2100.0000000001482,15.00000000000253,31.166834429023762,94.15719986009755,5.947242793598118,20.304668076646152
0.07,0.22999999999999998,0.7,8.531797163932503e-9,30.99999999975331,2100.0000000001514,15.000000000002528,31.166834429023144,94.15719986009752,5.947242793598079,19.674764422335393
0.08,0.22000000000000008,0.7,8.718493744443924e-9,30.999999999764366,2100.0000000001546,15.000000000002526,31.1668344290226,94.15719986009752,5.94724279359804,19.04486076802464
0.09,0.21000000000000008,0.7,8.890377309416363e-9,30.999999999774317,2100.0000000001583,15.000000000002524,31.166834429022142,94.15719986009763,5.947242793598015,18.41495711371389
0.1,0.20000000000000007,0.7,9.083104182599365e-9,30.999999999783487,2100.0000000001614,15.000000000002524,31.166834429021748,94.15719986009773,5.94724279359799,17.785053459403134
0.11,0.19000000000000006,0.7,9.281539356062016e-9,30.999999999792017,2100.000000000165,15.00000000000252,31.16683442902139,94.15719986009783,5.947242793597965,17.155149805092368
0.12,0.18000000000000005,0.7,9.49089634508819e-9,30.99999999979986,2100.000000000169,15.000000000002519,31.166834429021108,94.15719986009813,5.947242793597969,16.52524615078162
0.13,0.17000000000000004,0.7,9.71075022826961e-9,30.999999999807148,2100.0000000001733,15.000000000002517,31.166834429020852,94.15719986009829,5.94724279359794,15.895342496470864
0.14,0.16000000000000003,0.7,9.933597566575037e-9,30.999999999813788,2100.0000000001774,15.000000000002515,31.16683442902066,94.15719986009853,5.94724279359794,15.265438842160101
0.15,0.15000000000000002,0.7,9.210340130706604e-12,30.999999999999865,2100.0000000000005,15.000000000000002,31.166834428987553,94.15719986006312,5.947242793594249,14.635535187841631
0.16,0.14,0.7,7.432005783642413e-12,30.99999999999986,2100.0000000000005,15.000000000000002,31.166834428987546,94.15719986006312,5.947242793594253,14.00563153353087
0.17,0.13,0.7,1.0120609890056088e-11,30.999999999999865,2100.0000000000005,15.000000000000002,31.166834428987553,94.15719986006312,5.947242793594253,13.375727879220115
0.18,0.1200000000000001,0.7,1.0293707094465546e-11,30.99999999999987,2100.0000000000005,15.000000000000002,31.166834428987556,94.15719986006312,5.947242793594253,12.745824224909367
0.19,0.1100000000000001,0.7,1.0216293120148112e-11,30.99999999999986,2100.0000000000005,15.000000000000002,31.16683442898755,94.15719986006313,5.947242793594253,12.115920570598615
0.2,0.10000000000000009,0.7,1.1066110020787251e-11,30.999999999999897,2100.0000000000005,15.000000000000002,31.166834428987553,94.1571998600631,5.947242793594256,11.486016916287852
0.21,0.09000000000000008,0.7,1.0853220735722929e-11,30.999999999999854,2100.0000000000005,15.000000000000002,31.166834428987556,94.15719986006313,5.947242793594256,10.856113261977097
0.22,0.08000000000000007,0.7,1.1512500496939786e-11,30.999999999999865,2100.0000000000005,15.000000000000002,31.16683442898755,94.15719986006312,5.947242793594256,10.226209607666338
0.23,0.07000000000000006,0.7,1.0913638711242675e-11,30.99999999999985,2100.0000000000005,15.000000000000002,31.166834428987556,94.15719986006313,5.947242793594256,9.596305953355584
0.24,0.06000000000000005,0.7,1.0969924986968951e-11,30.999999999999883,2100.0000000000005,15.000000000000002,31.166834428987553,94.15719986006314,5.94724279359426,8.966402299044823
0.25,0.050000000000000044,0.7,1.2704368060349724e-11,30.99999999999987,2100.0000000000005,15.000000000000002,31.16683442898756,94.15719986006309,5.947242793594253,8.336498644734071
0.26,0.040000000000000036,0.7,1.3119804992970848e-11,30.999999999999883,2100.0000000000005,15.000000000000004,31.166834428987567,94.15719986006313,5.94724279359426,7.706594990423315
0.27,0.030000000000000027,0.7,1.3659378849811524e-11,30.99999999999987,2100.0000000000005,15.000000000000002,31.16683442898756,94.15719986006309,5.947242793594253,7.076691336112561
0.28,0.020000000000000018,0.7,1.30020005163759e-11,30.999999999999865,2100.0000000000005,15.000000000000002,31.166834428987553,94.15719986006312,5.947242793594253,6.446787681801804
0.29,0.010000000000000009,0.7,1.583173004462509e-11,30.999999999999844,2100.0000000000005,15.000000000000002,31.166834428987563,94.15719986006313,5.947242793594256,5.816884027491046
0.3,0.0,0.7,1.3838992165452749e-11,30.999999999999872,2100.0000000000005,15.000000000000002,31.16683442898756,94.15719986006312,5.947242793594253,5.186980373180291
0.0,0.29000000000000004,0.71,7.822958071981473e-9,30.99999999960854,2100.0000000001373,15.000000000002698,31.166834429032544,94.15719986010092,5.947242793598829,23.0830455759741
0.01,0.28,0.71,7.973888052826639e-9,30.99999999963543,2100.00000000014,15.000000000002698,31.166834429030935,94.15719986010046,5.947242793598704,22.453141921663367
0.02,0.27,0.71,8.127551758593882e-9,30.9999999996589,2100.000000000143,15.000000000002695,31.166834429029546,94.15719986010005,5.947242793598605,21.823238267352593
0.03,0.26,0.71,8.290888195851294e-9,30.99999999967955,2100.0000000001455,15.000000000002697,31.166834429028363,94.15719986009975,5.9472427935985195,21.19333461304184
0.04,0.25,0.71,8.453032667236291e-9,30.999999999697756,2100.0000000001487,15.000000000002693,31.16683442902735,94.15719986009952,5.947242793598452,20.563430958731075
0.05,0.24,0.71,8.62605237110005e-9,30.999999999713967,2100.000000000152,15.000000000002688,31.166834429026437,94.15719986009941,5.947242793598374,19.93352730442033
0.06,0.22999999999999998,0.71,8.805332061886783e-9,30.999999999728608,2100.000000000155,15.000000000002688,31.166834429025663,94.15719986009934,5.947242793598335,19.30362365010957
0.07,0.21999999999999997,0.71,8.995408254476217e-9,30.999999999741885,2100.0000000001583,15.000000000002684,31.166834429024984,94.15719986009934,5.947242793598285,18.67371999579882
0.08,0.21000000000000008,0.71,9.189460666777611e-9,30.999999999753882,2100.000000000162,15.000000000002684,31.1668344290244,94.15719986009935,5.9472427935982495,18.043816341488068
0.09,0.20000000000000007,0.71,9.393042015957856e-9,30.999999999764803,2100.0000000001655,15.000000000002682,31.166834429023908,94.15719986009945,5.9472427935982175,17.413912687177316
0.1,0.19000000000000006,0.71,9.607886537518131e-9,30.99999999977479,2100.000000000169,15.000000000002679,31.16683442902346,94.15719986009958,5.947242793598193,16.784009032866557
0.11,0.18000000000000005,0.71,9.830666242918572e-9,30.99999999978399,2100.0000000001733,15.000000000002679,31.166834429023087,94.15719986009972,5.947242793598175,16.15410537855579
0.12,0.17000000000000004,0.71,9.864261484558052e-12,30.99999999999988,2100.0000000000005,15.000000000000004,31.166834428987567,94.15719986006314,5.947242793594256,15.524201724237328
0.13,0.16000000000000003,0.71,1.5439204772872877e-11,30.99999999999982,2100.0000000000005,15.000000000000002,31.166834428987567,94.15719986006312,5.94724279359426,14.894298069926563
0.14,0.15000000000000002,0.71,7.869041117268189e-12,30.9999999999998,2100.0000000000005,15.000000000000002,31.166834428987553,94.15719986006312,5.947242793594256,14.264394415615806
0.15,0.14,0.71,9.65514194805059e-12,30.99999999999985,2100.0000000000005,15.000000000000002,31.166834428987556,94.15719986006313,5.947242793594253,13.634490761305052
0.16,0.13,0.71,8.673955992005606e-12,30.99999999999977,2100.0000000000005,15.000000000000002,31.16683442898756,94.15719986006312,5.947242793594253,13.004587106994297
0.17,0.12,0.71,1.017758595006387e-11,30.999999999999822,2100.0000000000005,15.000000000000002,31.16683442898756,94.15719986006312,5.947242793594256,12.374683452683536
0.18,0.1100000000000001,0.71,1.2583888212392948e-11,30.999999999999684,2100.0000000000005,15.000000000000007,31.166834428987592,94.15719986006317,5.947242793594256,11.744779798372802
0.19,0.10000000000000009,0.71,1.140899133717553e-11,30.999999999999847,2100.0000000000005,15.000000000000004,31.166834428987567,94.15719986006312,5.94724279359426,11.114876144062034
0.2,0.09000000000000008,0.71,1.20882422066398e-11,30.99999999999985,2100.0000000000005,15.000000000000002,31.16683442898756,94.15719986006312,5.947242793594256,10.484972489751279
0.21,0.08000000000000007,0.71,1.1494442658182574e-11,30.999999999999876,2100.0000000000005,15.000000000000002,31.16683442898755,94.15719986006313,5.947242793594256,9.855068835440521
0.22,0.07000000000000006,0.71,1.1221955626445807e-11,30.999999999999883,2100.0000000000005,15.000000000000002,31.166834428987556,94.15719986006314,5.94724279359426,9.225165181129764
0.23,0.06000000000000005,0.71,2.1828414930242802e-11,30.9999999999999,2100.0000000000005,15.000000000000002,31.166834428987556,94.15719986006314,5.947242793594256,8.59526152681901
0.24,0.050000000000000044,0.71,1.7207317198950744e-11,30.999999999999982,2100.0000000000005,15.000000000000002,31.16683442898755,94.15719986006314,5.947242793594256,7.9653578725082514
0.25,0.040000000000000036,0.71,1.7078307328626552e-11,30.9999999999998,2100.0000000000005,15.000000000000004,31.16683442898758,94.15719986006314,5.94724279359426,7.3354542181975
0.26,0.030000000000000027,0.71,1.2631562791730357e-11,30.99999999999987,2100.0000000000005,15.000000000000002,31.16683442898756,94.15719986006309,5.947242793594253,6.705550563886743
0.27,0.020000000000000018,0.71,1.6767540408278565e-11,30.999999999999805,2100.0000000000005,15.000000000000002,31.166834428987563,94.15719986006316,5.947242793594256,6.075646909575985
0.28,0.010000000000000009,0.71,1.5540491138827365e-11,30.999999999999865,2100.0000000000005,15.000000000000002,31.16683442898756,94.15719986006314,5.947242793594256,5.44574325526523
0.29,0.0,0.71,1.4827554054255787e-11,30.999999999999854,2100.0000000000005,15.000000000000002,31.166834428987567,94.15719986006314,5.947242793594256,4.815839600954472
0.0,0.28,0.72,8.215546076894145e-9,30.999999999579067,2100.0000000001432,15.00000000000288,31.166834429035625,94.15719986010328,5.947242793599134,22.08200114943754
0.01,0.27,0.72,8.375324233452909e-9,30.999999999609983,2100.000000000146,15.00000000000288,31.16683442903374,94.15719986010266,5.9472427935989955,21.45209749512678
0.02,0.26,0.72,8.545648699908035e-9,30.999999999636685,2100.0000000001487,15.000000000002876,31.166834429032143,94.15719986010214,5.947242793598875,20.822193840816013
0.03,0.25,0.72,8.721744383175341e-9,30.999999999659813,2100.000000000152,15.000000000002872,31.1668344290308,94.15719986010183,5.947242793598772,20.192290186505264
0.04,0.24,0.72,8.906389825765079e-9,30.999999999680465,2100.000000000155,15.00000000000287,31.16683442902963,94.15719986010163,5.94724279359869,19.562386532194516
0.05,0.22999999999999998,0.72,9.098109419615582e-9,30.999999999698634,2100.0000000001587,15.000000000002869,31.166834429028636,94.15719986010147,5.9472427935986225,18.93248287788376
0.06,0.21999999999999997,0.72,9.298053850219347e-9,30.999999999714777,2100.0000000001623,15.000000000002867,31.16683442902779,94.15719986010141,5.947242793598569,18.302579223573005
0.07,0.20999999999999996,0.72,9.508861326308487e-9,30.999999999729418,2100.000000000166,15.000000000002863,31.16683442902704,94.15719986010137,5.947242793598516,17.672675569262246
0.08,0.20000000000000007,0.72,9.727515443934475e-9,30.999999999742556,2100.0000000001696,15.000000000002862,31.166834429026395,94.15719986010134,5.947242793598466,17.04277191495149
0.09,0.19000000000000006,0.72,9.95736159637679e-9,30.999999999754632,2100.0000000001737,15.00000000000286,31.166834429025855,94.15719986010153,5.947242793598441,16.412868260640746
0.1,0.18000000000000005,0.72,1.003733134983564e-11,30.999999999999858,2100.0000000000005,15.000000000000002,31.166834428987556,94.15719986006313,5.947242793594253,15.782964606322265
0.11,0.17000000000000004,0.72,9.300003467746263e-12,30.99999999999977,2100.0000000000005,15.000000000000002,31.166834428987563,94.15719986006312,5.947242793594253,15.153060952011502
0.12,0.16000000000000003,0.72,9.883613950508409e-12,30.99999999999985,2100.0000000000005,15.000000000000002,31.166834428987556,94.15719986006313,5.947242793594253,14.523157297700747
0.13,0.15000000000000002,0.72,9.80551987603757e-12,30.99999999999978,2100.0000000000005,15.000000000000002,31.166834428987563,94.15719986006312,5.947242793594249,13.893253643389993
0.14,0.14,0.72,8.942140508458922e-12,30.99999999999981,2100.0000000000005,15.000000000000002,31.166834428987556,94.15719986006314,5.947242793594253,13.263349989079236
0.15,0.13,0.72,1.0978362197553688e-11,30.99999999999983,2100.0000000000005,15.000000000000002,31.166834428987556,94.15719986006312,5.947242793594256,12.633446334768475
0.16,0.12,0.72,1.0721694154378556e-11,30.999999999999844,2100.0000000000005,15.000000000000004,31.166834428987563,94.15719986006312,5.947242793594256,12.00354268045772
0.17,0.10999999999999999,0.72,1.388203963604606e-11,30.99999999999986,2100.0000000000005,15.000000000000002,31.166834428987553,94.15719986006313,5.947242793594249,11.373639026146968
0.18,0.10000000000000009,0.72,1.0845269015228105e-11,30.9999999999999,2100.0000000000005,15.000000000000004,31.16683442898757,94.15719986006312,5.94724279359426,10.743735371836214
0.19,0.09000000000000008,0.72,1.1923058122865182e-11,30.99999999999979,2100.0000000000005,15.000000000000002,31.166834428987563,94.15719986006309,5.947242793594256,10.113831717525457
0.2,0.08000000000000007,0.72,1.267972116497182e-11,30.99999999999982,2100.0000000000005,15.000000000000002,31.166834428987563,94.15719986006312,5.947242793594256,9.483928063214705
0.21,0.07000000000000006,0.72,2.166333079372509e-11,30.999999999999858,2100.0000000000005,15.000000000000004,31.166834428987578,94.15719986006316,5.947242793594256,8.854024408903953
0.22,0.06000000000000005,0.72,1.3041391766208069e-11,30.99999999999982,2100.0000000000005,15.000000000000004,31.166834428987578,94.1571998600631,5.94724279359426,8.22412075459319
0.23,0.050000000000000044,0.72,1.3477566912847803e-11,30.999999999999815,2100.0000000000005,15.000000000000004,31.166834428987578,94.15719986006314,5.94724279359426,7.594217100282437
0.24,0.040000000000000036,0.72,1.4565813028287058e-11,30.999999999999865,2100.0000000000005,15.000000000000002,31.166834428987553,94.15719986006314,5.947242793594253,6.96431344597168
0.25,0.030000000000000027,0.72,1.6234537002542253e-11,30.99999999999987,2100.0000000000005,15.000000000000002,31.16683442898756,94.15719986006312,5.947242793594253,6.334409791660924
0.26,0.020000000000000018,0.72,1.6630025198752683e-11,30.9999999999998,2100.0000000000005,15.000000000000004,31.166834428987578,94.15719986006314,5.94724279359426,5.704506137350167
0.27,0.010000000000000009,0.72,1.7311792105446487e-11,30.999999999999822,2100.0000000000005,15.000000000000004,31.16683442898758,94.15719986006313,5.94724279359426,5.074602483039413
0.28,0.0,0.72,1.597775215543351e-11,30.9999999999999,2100.0000000000005,15.000000000000004,31.166834428987567,94.15719986006313,5.947242793594256,4.444698828728655
0.0,0.27,0.73,8.640085929433244e-9,30.999999999544627,2100.000000000149,15.000000000003087,31.166834429039124,94.15719986010583,5.947242793599482,21.080956722900957
0.01,0.26,0.73,8.820332039362922e-9,30.999999999580627,2100.0000000001523,15.000000000003086,31.166834429036935,94.15719986010517,5.947242793599312,20.451053068590213
0.02,0.25,0.73,9.009508614706285e-9,30.99999999961131,2100.0000000001555,15.000000000003082,31.166834429035116,94.15719986010461,5.947242793599184,19.821149414279454
0.03,0.24,0.73,9.20673200823515e-9,30.999999999637843,2100.000000000159,15.000000000003078,31.166834429033553,94.1571998601042,5.94724279359907,19.191245759968695
0.04,0.22999999999999998,0.73,9.410606329198198e-9,30.99999999966105,2100.0000000001623,15.000000000003077,31.16683442903223,94.15719986010389,5.947242793598971,18.561342105657936
0.05,0.21999999999999997,0.73,9.621426040121799e-9,30.999999999681446,2100.000000000166,15.000000000003075,31.16683442903111,94.15719986010366,5.9472427935988925,17.931438451347162
0.06,0.20999999999999996,0.73,9.851992878166118e-9,30.99999999969944,2100.00000000017,15.000000000003071,31.166834429030157,94.15719986010365,5.9472427935988215,17.30153479703643
0.07,0.19999999999999996,0.73,8.983279504633374e-12,30.999999999999837,2100.0000000000005,15.000000000000004,31.16683442898757,94.15719986006312,5.947242793594253,16.671631142717942
0.08,0.19000000000000006,0.73,8.665270101400484e-12,30.99999999999972,2100.0000000000005,15.000000000000002,31.166834428987563,94.15719986006312,5.947242793594253,16.0417274884072
0.09,0.18000000000000005,0.73,1.1409900820834201e-11,30.9999999999998,2100.0000000000005,15.000000000000002,31.166834428987553,94.15719986006313,5.94724279359426,15.41182383409644
0.1,0.17000000000000004,0.73,8.921342889581408e-12,30.99999999999978,2100.0000000000005,15.000000000000002,31.166834428987563,94.15719986006312,5.947242793594249,14.78192017978569
0.11,0.16000000000000003,0.73,1.0784762937066964e-11,30.999999999999922,2100.0000000000005,15.000000000000002,31.166834428987556,94.15719986006312,5.947242793594256,14.152016525474924
0.12,0.15000000000000002,0.73,1.0215537197620783e-11,30.999999999999833,2100.0000000000005,15.000000000000002,31.166834428987556,94.15719986006312,5.947242793594256,13.522112871164168
0.13,0.14,0.73,1.2358959369372927e-11,30.99999999999981,2100.0000000000005,15.000000000000002,31.166834428987556,94.15719986006313,5.947242793594256,12.892209216853413
0.14,0.13,0.73,1.2586283759866433e-11,30.999999999999837,2100.0000000000005,15.000000000000004,31.166834428987578,94.15719986006312,5.947242793594256,12.262305562542661
0.15,0.12,0.73,1.2971973921621771e-11,30.99999999999989,2100.0000000000005,15.000000000000004,31.166834428987574,94.1571998600631,5.947242793594256,11.632401908231898
0.16,0.10999999999999999,0.73,1.2319903274121412e-11,30.999999999999837,2100.0000000000005,15.000000000000002,31.166834428987563,94.15719986006312,5.947242793594253,11.002498253921148
0.17,0.09999999999999998,0.73,1.2382460110191612e-11,30.999999999999847,2100.0000000000005,15.000000000000002,31.166834428987553,94.15719986006312,5.947242793594253,10.37259459961039
0.18,0.09000000000000008,0.73,1.2877248565181633e-11,30.99999999999989,2100.0000000000005,15.000000000000002,31.16683442898756,94.15719986006312,5.947242793594256,9.742690945299643
0.19,0.08000000000000007,0.73,1.427748974216949e-11,30.999999999999847,2100.0000000000005,15.000000000000002,31.166834428987553,94.15719986006314,5.947242793594253,9.112787290988889
0.2,0.07000000000000006,0.73,1.1544620050706365e-11,30.999999999999776,2100.0000000000005,15.000000000000007,31.166834428987578,94.15719986006314,5.947242793594256,8.482883636678135
0.21,0.06000000000000005,0.73,1.6081680602146855e-11,30.999999999999854,2100.0000000000005,15.000000000000002,31.166834428987563,94.15719986006314,5.947242793594253,7.852979982367376
0.22,0.050000000000000044,0.73,1.5988366995754045e-11,30.999999999999858,2100.0000000000005,15.000000000000002,31.166834428987563,94.15719986006314,5.947242793594253,7.223076328056621
0.23,0.040000000000000036,0.73,9.300100841038929e-12,30.99999999999998,2100.0000000000005,15.000000000000002,31.166834428987546,94.15719986006312,5.947242793594253,6.59317267374586
0.24,0.030000000000000027,0.73,1.5797715930386935e-11,30.999999999999886,2100.0000000000005,15.000000000000004,31.16683442898758,94.15719986006312,5.94724279359426,5.963269019435106
0.25,0.020000000000000018,0.73,2.0199001347503862e-11,30.999999999999837,2100.0000000000005,15.000000000000004,31.166834428987585,94.15719986006314,5.947242793594256,5.3333653651243536
0.26,0.010000000000000009,0.73,1.8065871352660893e-11,30.999999999999844,2100.0000000000005,15.000000000000004,31.16683442898757,94.15719986006313,5.947242793594256,4.703461710813593
0.27,0.0,0.73,1.9470505929590525e-11,30.999999999999883,2100.0000000000005,15.000000000000004,31.16683442898757,94.15719986006314,5.94724279359426,4.073558056502835
0.0,0.26,0.74,9.114180224235106e-9,30.999999999504166,2100.000000000156,15.000000000003327,31.16683442904323,94.15719986010886,5.94724279359988,20.07991229636439
0.01,0.25,0.74,9.31279380441582e-9,30.999999999546507,2100.000000000159,15.000000000003324,31.16683442904064,94.15719986010797,5.947242793599692,19.450008642053625
0.02,0.24,0.74,9.523698979263528e-9,30.99999999958228,2100.000000000163,15.00000000000332,31.166834429038484,94.15719986010726,5.947242793599532,18.82010498774286
0.03,0.22999999999999998,0.74,9.74319474850369e-9,30.999999999612726,2100.0000000001664,15.000000000003316,31.16683442903669,94.15719986010684,5.947242793599401,18.190201333432114
0.04,0.21999999999999997,0.74,9.976090633857942e-9,30.99999999963914,2100.0000000001705,15.000000000003315,31.16683442903519,94.15719986010654,5.947242793599294,17.560297679121366
0.05,0.20999999999999996,0.74,8.548902793664125e-12,30.99999999999976,2100.0000000000005,15.000000000000004,31.166834428987567,94.15719986006312,5.947242793594253,16.93039402480288
0.06,0.19999999999999996,0.74,8.195746985920233e-12,30.999999999999652,2100.0000000000005,15.000000000000004,31.166834428987585,94.1571998600631,5.94724279359426,16.30049037049212
0.07,0.18999999999999995,0.74,8.39906071191774e-12,30.999999999999797,2100.0000000000005,15.000000000000004,31.166834428987567,94.1571998600631,5.947242793594253,15.670586716181365
0.08,0.18000000000000005,0.74,1.2919171005445366e-11,30.999999999999865,2100.0000000000005,15.000000000000004,31.166834428987567,94.15719986006312,5.947242793594256,15.040683061870622
0.09,0.17000000000000004,0.74,7.605925822232872e-12,30.99999999999972,2100.0000000000005,15.000000000000004,31.166834428987574,94.1571998600631,5.94724279359426,14.410779407559861
0.1,0.16000000000000003,0.74,9.181741629080132e-12,30.999999999999712,2100.0000000000005,15.000000000000004,31.16683442898758,94.15719986006313,5.947242793594256,13.780875753249111
0.11,0.15000000000000002,0.74,1.183104771498809e-11,30.999999999999755,2100.0000000000005,15.000000000000004,31.166834428987574,94.1571998600631,5.94724279359426,13.150972098938347
0.12,0.14,0.74,1.2089055429625139e-11,30.999999999999808,2100.0000000000005,15.000000000000004,31.166834428987574,94.15719986006313,5.947242793594263,12.521068444627591
0.13,0.13,0.74,1.1686813370789806e-11,30.999999999999854,2100.0000000000005,15.000000000000004,31.166834428987567,94.15719986006312,5.94724279359426,11.89116479031684
0.14,0.12,0.74,1.233956029116741e-11,30.99999999999981,2100.0000000000005,15.000000000000002,31.166834428987556,94.15719986006313,5.947242793594256,11.261261136006082
0.15,0.10999999999999999,0.74,9.928718851820462e-12,30.999999999999886,2100.0000000000005,15.000000000000004,31.16683442898757,94.15719986006312,5.947242793594253,10.631357481695328
0.16,0.09999999999999998,0.74,1.3038134548529977e-11,30.99999999999978,2100.0000000000005,15.000000000000004,31.166834428987574,94.15719986006312,5.947242793594253,10.001453827384573
0.17,0.08999999999999997,0.74,1.413381502416451e-11,30.999999999999748,2100.0000000000005,15.000000000000005,31.166834428987574,94.15719986006313,5.947242793594256,9.371550173073818
0.18,0.08000000000000007,0.74,1.644443830304576e-11,30.999999999999833,2100.0000000000005,15.000000000000002,31.16683442898756,94.15719986006316,5.947242793594253,8.741646518763073
0.19,0.07000000000000006,0.74,1.625723631754309e-11,30.99999999999985,2100.0000000000005,15.000000000000002,31.166834428987563,94.15719986006313,5.947242793594253,8.111742864452314
0.2,0.06000000000000005,0.74,1.5850158783410308e-11,30.999999999999776,2100.0000000000005,15.000000000000004,31.166834428987585,94.15719986006313,5.947242793594256,7.48183921014156
0.21,0.050000000000000044,0.74,1.1385220655316082e-11,30.999999999999886,2100.0000000000005,15.000000000000004,31.166834428987567,94.15719986006312,5.94724279359426,6.851935555830795
0.22,0.040000000000000036,0.74,1.6877639657227633e-11,30.999999999999872,2100.0000000000005,15.000000000000004,31.166834428987574,94.15719986006312,5.947242793594256,6.222031901520044
0.23,0.030000000000000027,0.74,1.7707883042051622e-11,30.99999999999991,2100.0000000000005,15.000000000000004,31.166834428987563,94.15719986006314,5.94724279359426,5.592128247209284
0.24,0.020000000000000018,0.74,2.0935130922885934e-11,30.9999999999998,2100.0000000000005,15.000000000000002,31.166834428987567,94.15719986006317,5.947242793594256,4.962224592898531
0.25,0.010000000000000009,0.74,2.0204606392309138e-11,30.999999999999876,2100.0000000000005,15.000000000000004,31.166834428987578,94.15719986006317,5.947242793594256,4.3323209385877774
0.26,0.0,0.74,1.9439619378116507e-11,30.999999999999883,2100.0000000000005,15.000000000000004,31.16683442898757,94.15719986006314,5.94724279359426,3.7024172842770158
0.0,0.25,0.75,9.638713307462963e-9,30.999999999455262,2100.0000000001633,15.000000000003604,31.16683442904806,94.15719986011229,5.947242793600356,19.078867869827803
0.01,0.24,0.75,9.869906586757323e-9,30.999999999506578,2100.000000000167,15.0000000000036,31.166834429044908,94.15719986011128,5.947242793600118,18.448964215517066
0.02,0.22999999999999998,0.75,7.604011077317779e-12,30.99999999999949,2100.0000000000005,15.000000000000004,31.166834428987585,94.15719986006312,5.947242793594256,17.819060561198576
0.03,0.21999999999999997,0.75,1.2251476374637203e-11,30.99999999999924,2100.0000000000005,15.000000000000009,31.166834428987638,94.15719986006317,5.947242793594263,17.189156906887824
0.04,0.20999999999999996,0.75,8.946281139205355e-12,30.999999999999673,2100.0000000000005,15.000000000000004,31.166834428987574,94.15719986006312,5.947242793594253,16.559253252577065
0.05,0.19999999999999996,0.75,7.482831829921313e-12,30.99999999999964,2100.0000000000005,15.000000000000002,31.166834428987563,94.15719986006312,5.947242793594256,15.929349598266302
0.06,0.18999999999999995,0.75,2.0181311467993945e-11,30.999999999999705,2100.0000000000005,15.000000000000004,31.166834428987592,94.15719986006316,5.947242793594256,15.299445943955558
0.07,0.17999999999999994,0.75,1.1249284967054605e-11,30.99999999999976,2100.0000000000005,15.000000000000004,31.166834428987574,94.15719986006314,5.947242793594256,14.669542289644795
0.08,0.17000000000000004,0.75,9.636589212149654e-12,30.999999999999645,2100.0000000000005,15.000000000000002,31.166834428987567,94.15719986006314,5.947242793594253,14.039638635334057
0.09,0.16000000000000003,0.75,1.1650733136779405e-11,30.999999999999837,2100.0000000000005,15.000000000000002,31.166834428987553,94.15719986006312,5.947242793594256,13.409734981023288
0.1,0.15000000000000002,0.75,1.224540803907908e-11,30.999999999999797,2100.0000000000005,15.000000000000004,31.16683442898757,94.15719986006312,5.94724279359426,12.779831326712532
0.11,0.14,0.75,1.1139930074694115e-11,30.99999999999973,2100.0000000000005,15.000000000000002,31.16683442898757,94.15719986006313,5.94724279359426,12.149927672401777
0.12,0.13,0.75,1.2900342696532916e-11,30.999999999999808,2100.0000000000005,15.000000000000004,31.166834428987578,94.15719986006313,5.94724279359426,11.520024018091021
0.13,0.12,0.75,1.3026134995927645e-11,30.999999999999726,2100.0000000000005,15.000000000000004,31.166834428987578,94.15719986006312,5.94724279359426,10.890120363780262
0.14,0.10999999999999999,0.75,1.551513097148181e-11,30.999999999999847,2100.0000000000005,15.000000000000004,31.166834428987574,94.15719986006313,5.947242793594256,10.260216709469512
0.15,0.09999999999999998,0.75,1.4249927923310053e-11,30.99999999999972,2100.0000000000005,15.000000000000002,31.166834428987574,94.15719986006312,5.947242793594256,9.630313055158751
0.16,0.08999999999999997,0.75,1.465941515891937e-11,30.999999999999773,2100.0000000000005,15.000000000000004,31.166834428987585,94.15719986006313,5.947242793594256,9.000409400848
0.17,0.07999999999999996,0.75,1.4598639889135787e-11,30.999999999999886,2100.0000000000005,15.000000000000004,31.166834428987578,94.15719986006312,5.947242793594253,8.370505746537244
0.18,0.07000000000000006,0.75,1.633605935291159e-11,30.99999999999977,2100.0000000000005,15.000000000000004,31.16683442898758,94.15719986006313,5.947242793594256,7.740602092226496
0.19,0.06000000000000005,0.75,2.4017905715763562e-11,30.999999999999826,2100.0000000000005,15.000000000000002,31.166834428987563,94.15719986006314,5.94724279359426,7.110698437915736
0.2,0.050000000000000044,0.75,1.7701945751570565e-11,30.99999999999981,2100.0000000000005,15.000000000000004,31.16683442898757,94.15719986006314,5.94724279359426,6.480794783604982
0.21,0.040000000000000036,0.75,1.2678378389815009e-11,30.999999999999822,2100.0000000000005,15.000000000000002,31.166834428987563,94.1571998600631,5.947242793594256,5.850891129294222
0.22,0.030000000000000027,0.75,1.0511670199276633e-11,30.99999999999982,2100.0000000000005,15.000000000000002,31.16683442898756,94.15719986006312,5.947242793594256,5.220987474983467
0.23,0.020000000000000018,0.75,2.0822084926351196e-11,30.999999999999858,2100.0000000000005,15.000000000000004,31.166834428987578,94.15719986006316,5.947242793594256,4.591083820672715
0.24,0.010000000000000009,0.75,1.8935710671353883e-11,30.999999999999893,2100.0000000000005,15.000000000000004,31.166834428987578,94.15719986006312,5.94724279359426,3.961180166361955
0.25,0.0,0.75,2.3682434384593695e-11,30.999999999999893,2100.0000000000005,15.000000000000004,31.166834428987578,94.15719986006313,5.94724279359426,3.3312765120511996
0.0,0.24,0.76,9.487231783179558e-12,30.999999999999673,2100.0000000000005,15.000000000000005,31.166834428987578,94.15719986006314,5.947242793594253,18.07782344328352
0.01,0.22999999999999998,0.76,1.073946617497887e-11,30.999999999999705,2100.0000000000005,15.000000000000002,31.16683442898757,94.15719986006313,5.947242793594256,17.447919788972754
0.02,0.21999999999999997,0.76,1.0175644159023781e-11,30.999999999999677,2100.0000000000005,15.000000000000004,31.166834428987585,94.15719986006312,5.947242793594256,16.818016134662003
0.03,0.20999999999999996,0.76,1.1306869330457152e-11,30.99999999999966,2100.0000000000005,15.000000000000004,31.16683442898758,94.15719986006313,5.947242793594263,16.188112480351244
0.04,0.19999999999999996,0.76,1.0252756537941466e-11,30.99999999999938,2100.0000000000005,15.000000000000005,31.166834428987592,94.15719986006317,5.947242793594263,15.558208826040495
0.05,0.18999999999999995,0.76,1.465804300705514e-11,30.99999999999973,2100.0000000000005,15.000000000000002,31.166834428987567,94.15719986006314,5.947242793594256,14.928305171729734
0.06,0.17999999999999994,0.76,1.2337185424819268e-11,30.99999999999963,2100.0000000000005,15.000000000000004,31.166834428987585,94.15719986006312,5.947242793594256,14.298401517418975
0.07,0.16999999999999993,0.76,8.562078645483673e-12,30.999999999999766,2100.0000000000005,15.000000000000004,31.166834428987574,94.15719986006312,5.947242793594253,13.668497863108218
0.08,0.16000000000000003,0.76,1.2543911412114448e-11,30.99999999999978,2100.0000000000005,15.000000000000004,31.166834428987574,94.15719986006312,5.947242793594253,13.038594208797473
0.09,0.15000000000000002,0.76,1.6611153946104435e-11,30.999999999999797,2100.0000000000005,15.000000000000004,31.16683442898757,94.15719986006314,5.947242793594256,12.40869055448672
0.1,0.14,0.76,1.2812585219587723e-11,30.9999999999997,2100.0000000000005,15.000000000000004,31.16683442898759,94.15719986006312,5.947242793594256,11.77878690017596
0.11,0.13,0.76,1.2603565669067825e-11,30.99999999999985,2100.0000000000005,15.000000000000004,31.166834428987578,94.15719986006312,5.947242793594256,11.148883245865205
0.12,0.12,0.76,1.3636228797749936e-11,30.9999999999997,2100.0000000000005,15.000000000000004,31.16683442898759,94.15719986006312,5.947242793594256,10.51897959155445
0.13,0.10999999999999999,0.76,1.6893239228232102e-11,30.99999999999973,2100.0000000000005,15.000000000000004,31.166834428987578,94.15719986006314,5.947242793594256,9.889075937243696
0.14,0.09999999999999998,0.76,1.537017847889674e-11,30.999999999999815,2100.0000000000005,15.000000000000004,31.16683442898758,94.15719986006314,5.94724279359426,9.259172282932937
0.15,0.08999999999999997,0.76,1.6001740480135868e-11,30.9999999999997,2100.0000000000005,15.000000000000004,31.16683442898759,94.15719986006313,5.947242793594256,8.629268628622183
0.16,0.07999999999999996,0.76,2.004108926647908e-11,30.99999999999971,2100.0000000000005,15.000000000000004,31.166834428987585,94.15719986006316,5.947242793594256,7.999364974311428
0.17,0.06999999999999995,0.76,1.2658259036661289e-11,30.99999999999984,2100.0000000000005,15.000000000000004,31.166834428987578,94.1571998600631,5.947242793594256,7.369461320000665
0.18,0.06000000000000005,0.76,1.845015134721243e-11,30.999999999999694,2100.0000000000005,15.000000000000005,31.166834428987585,94.15719986006316,5.94724279359426,6.739557665689921
0.19,0.050000000000000044,0.76,1.5537714858825464e-11,30.999999999999844,2100.0000000000005,15.000000000000004,31.166834428987574,94.15719986006313,5.947242793594256,6.109654011379165
0.2,0.040000000000000036,0.76,2.366966152500122e-11,30.9999999999998,2100.0000000000005,15.000000000000004,31.166834428987585,94.15719986006316,5.94724279359426,5.4797503570684105
0.21,0.030000000000000027,0.76,1.5073157096015396e-11,30.999999999999822,2100.0000000000005,15.000000000000004,31.166834428987585,94.15719986006313,5.94724279359426,4.8498467027576515
0.22,0.020000000000000018,0.76,3.121245059317222e-11,30.999999999999847,2100.0000000000005,15.000000000000004,31.166834428987574,94.15719986006314,5.947242793594256,4.219943048446897
0.23,0.010000000000000009,0.76,2.5845308372066104e-11,30.999999999999876,2100.0000000000005,15.000000000000004,31.166834428987574,94.15719986006314,5.947242793594256,3.5900393941361397
0.24,0.0,0.76,2.6731392714798643e-11,30.99999999999985,2100.0000000000005,15.000000000000005,31.166834428987574,94.15719986006319,5.947242793594256,2.9601357398253834
0.0,0.22999999999999998,0.77,8.595438442271315e-12,30.999999999999595,2100.0000000000005,15.000000000000004,31.166834428987585,94.15719986006309,5.947242793594253,17.076779016746933
0.01,0.21999999999999997,0.77,6.889998283701676e-12,30.99999999999945,2100.0000000000005,15.000000000000002,31.16683442898758,94.1571998600631,5.947242793594256,16.44687536243618
0.02,0.20999999999999996,0.77,8.666013730913612e-12,30.999999999999588,2100.0000000000005,15.000000000000002,31.166834428987563,94.15719986006312,5.947242793594253,15.816971708125427
0.03,0.19999999999999996,0.77,1.6095061452716172e-11,30.999999999999456,2100.0000000000005,15.000000000000005,31.1668344289876,94.15719986006319,5.94724279359426,15.18706805381468
0.04,0.18999999999999995,0.77,1.1498213260582282e-11,30.999999999999552,2100.0000000000005,15.000000000000002,31.166834428987574,94.15719986006312,5.94724279359426,14.557164399503911
0.05,0.17999999999999994,0.77,2.2736883711502697e-11,30.99999999999982,2100.0000000000005,15.000000000000002,31.166834428987567,94.15719986006314,5.94724279359426,13.927260745193156
0.06,0.16999999999999993,0.77,1.173073567984038e-11,30.99999999999959,2100.0000000000005,15.000000000000005,31.166834428987578,94.15719986006314,5.94724279359426,13.297357090882404
0.07,0.15999999999999992,0.77,2.065401499582297e-11,30.999999999999865,2100.0000000000005,15.000000000000004,31.166834428987567,94.15719986006317,5.947242793594256,12.667453436571652
0.08,0.15000000000000002,0.77,1.3038544905568972e-11,30.999999999999634,2100.0000000000005,15.000000000000004,31.166834428987592,94.15719986006312,5.947242793594256,12.0375497822609
0.09,0.14,0.77,1.368252402692822e-11,30.999999999999773,2100.0000000000005,15.000000000000004,31.16683442898758,94.15719986006312,5.947242793594256,11.40764612795014
0.1,0.13,0.77,1.5281870304165244e-11,30.999999999999787,2100.0000000000005,15.000000000000004,31.166834428987585,94.15719986006312,5.947242793594256,10.777742473639389
0.11,0.12,0.77,2.178251492153469e-11,30.999999999999922,2100.0000000000005,15.000000000000002,31.16683442898756,94.15719986006314,5.947242793594256,10.14783881932863
0.12,0.10999999999999999,0.77,1.4932001333353172e-11,30.999999999999922,2100.0000000000005,15.000000000000002,31.166834428987563,94.15719986006313,5.947242793594256,9.517935165017875
0.13,0.09999999999999998,0.77,1.6661846453221053e-11,30.9999999999997,2100.0000000000005,15.000000000000004,31.16683442898759,94.15719986006313,5.947242793594256,8.888031510707119
0.14,0.08999999999999997,0.77,1.6640022561904003e-11,30.999999999999684,2100.0000000000005,15.000000000000005,31.166834428987578,94.15719986006317,5.947242793594256,8.258127856396367
0.15,0.07999999999999996,0.77,1.8863799966588375e-11,30.999999999999652,2100.0000000000005,15.000000000000004,31.166834428987595,94.15719986006313,5.94724279359426,7.628224202085605
0.16,0.06999999999999995,0.77,1.4293920683937568e-11,30.9999999999999,2100.0000000000005,15.000000000000005,31.166834428987567,94.15719986006319,5.947242793594256,6.998320547774852
0.17,0.05999999999999994,0.77,1.6440655143739563e-11,30.99999999999968,2100.0000000000005,15.000000000000005,31.166834428987578,94.15719986006319,5.947242793594256,6.368416893464096
0.18,0.050000000000000044,0.77,2.0128782509395412e-11,30.999999999999698,2100.0000000000005,15.000000000000004,31.166834428987595,94.15719986006316,5.947242793594256,5.7385132391533515
0.19,0.040000000000000036,0.77,2.005941278509506e-11,30.99999999999973,2100.0000000000005,15.000000000000004,31.166834428987585,94.15719986006317,5.947242793594256,5.108609584842594
0.2,0.030000000000000027,0.77,1.536163728185344e-11,30.99999999999977,2100.0000000000005,15.000000000000004,31.166834428987585,94.15719986006313,5.94724279359426,4.478705930531834
0.21,0.020000000000000018,0.77,1.9810475631347005e-11,30.999999999999833,2100.0000000000005,15.000000000000005,31.16683442898758,94.1571998600632,5.947242793594256,3.84880227622108
0.22,0.010000000000000009,0.77,2.635770613145409e-11,30.99999999999978,2100.0000000000005,15.000000000000005,31.166834428987574,94.15719986006319,5.947242793594249,3.218898621910327
0.0,0.21999999999999997,0.78,1.2219561209260178e-11,30.99999999999931,2100.0000000000005,15.000000000000002,31.166834428987592,94.15719986006314,5.947242793594263,16.075734590210367
0.01,0.20999999999999996,0.78,1.1787912258742396e-11,30.99999999999947,2100.0000000000005,15.000000000000004,31.166834428987585,94.15719986006312,5.947242793594263,15.445830935899602
0.02,0.19999999999999996,0.78,1.0599154588654196e-11,30.99999999999935,2100.0000000000005,15.000000000000004,31.166834428987602,94.15719986006314,5.94724279359426,14.815927281588854
0.03,0.18999999999999995,0.78,1.0355492014017164e-11,30.999999999999854,2100.0000000000005,15.000000000000004,31.166834428987574,94.15719986006313,5.947242793594256,14.186023627278093
0.04,0.17999999999999994,0.78,2.0421958271279583e-11,30.999999999999478,2100.0000000000005,15.000000000000004,31.1668344289876,94.15719986006317,5.947242793594253,13.556119972967352
0.05,0.16999999999999993,0.78,1.2771082046724282e-11,30.999999999999684,2100.0000000000005,15.000000000000005,31.166834428987578,94.15719986006317,5.947242793594256,12.92621631865659
0.06,0.15999999999999992,0.78,1.3414057424661296e-11,30.999999999999634,2100.0000000000005,15.000000000000004,31.166834428987595,94.15719986006312,5.94724279359426,12.296312664345825
0.07,0.1499999999999999,0.78,1.890924772633322e-11,30.999999999999805,2100.0000000000005,15.000000000000002,31.16683442898757,94.15719986006314,5.94724279359426,11.66640901003507
0.08,0.14,0.78,1.4564525016993622e-11,30.999999999999595,2100.0000000000005,15.000000000000004,31.16683442898759,94.15719986006314,5.947242793594256,11.036505355724326
0.09,0.13,0.78,1.169607157870501e-11,30.999999999999705,2100.0000000000005,15.000000000000005,31.166834428987578,94.15719986006314,5.94724279359426,10.40660170141357
0.1,0.12,0.78,1.472144040801058e-11,30.999999999999847,2100.000000000001,15.00000000000001,31.16683442898761,94.15719986006319,5.94724279359426,9.77669804710282
0.11,0.10999999999999999,0.78,1.700654406596405e-11,30.999999999999567,2100.0000000000005,15.000000000000005,31.1668344289876,94.1571998600632,5.947242793594263,9.14679439279206
0.12,0.09999999999999998,0.78,2.166919188965457e-11,30.999999999999716,2100.0000000000005,15.000000000000005,31.166834428987578,94.1571998600632,5.947242793594263,8.516890738481301
0.13,0.08999999999999997,0.78,1.1829738494356325e-11,30.999999999999694,2100.0000000000005,15.000000000000004,31.166834428987578,94.15719986006312,5.94724279359426,7.88698708417054
0.14,0.07999999999999996,0.78,1.907964110639875e-11,30.999999999999737,2100.0000000000005,15.000000000000005,31.16683442898759,94.15719986006314,5.94724279359426,7.257083429859788
0.15,0.06999999999999995,0.78,1.8661956831868198e-11,30.99999999999983,2100.0000000000005,15.000000000000005,31.166834428987574,94.15719986006317,5.94724279359426,6.627179775549031
0.16,0.05999999999999994,0.78,1.7255588460799038e-11,30.9999999999998,2100.0000000000005,15.000000000000004,31.16683442898758,94.15719986006314,5.94724279359426,5.997276121238274
0.17,0.04999999999999993,0.78,2.0827045060355044e-11,30.99999999999972,2100.0000000000005,15.000000000000005,31.16683442898758,94.15719986006319,5.94724279359426,5.36737246692752
0.18,0.040000000000000036,0.78,1.933167541738496e-11,30.999999999999794,2100.0000000000005,15.000000000000005,31.166834428987574,94.15719986006316,5.94724279359426,4.73746881261677
0.19,0.030000000000000027,0.78,2.3469389330087012e-11,30.999999999999847,2100.0000000000005,15.000000000000005,31.166834428987574,94.15719986006317,5.94724279359426,4.107565158306015
0.2,0.020000000000000018,0.78,2.127513346200565e-11,30.999999999999808,2100.0000000000005,15.000000000000005,31.166834428987578,94.1571998600632,5.94724279359426,3.477661503995259
0.21,0.010000000000000009,0.78,2.5325535205656894e-11,30.99999999999984,2100.0000000000005,15.000000000000005,31.166834428987574,94.15719986006314,5.947242793594256,2.847757849684503
0.0,0.20999999999999996,0.79,1.1481337195961307e-11,30.99999999999908,2100.0000000000005,15.000000000000004,31.166834428987617,94.15719986006314,5.947242793594263,15.07469016367379
0.01,0.19999999999999996,0.79,1.1996668410547816e-11,30.999999999999545,2100.0000000000005,15.000000000000005,31.16683442898759,94.15719986006313,5.947242793594263,14.44478650936303
0.02,0.18999999999999995,0.79,1.1745250806768032e-11,30.999999999999428,2100.0000000000005,15.000000000000004,31.1668344289876,94.15719986006312,5.94724279359426,13.814882855052275
0.03,0.17999999999999994,0.79,1.5754471888927994e-11,30.999999999999286,2100.0000000000005,15.000000000000005,31.166834428987613,94.15719986006317,5.947242793594263,13.184979200741527
0.04,0.16999999999999993,0.79,1.24970868099438e-11,30.99999999999952,2100.0000000000005,15.000000000000004,31.166834428987592,94.15719986006312,5.947242793594256,12.555075546430762
0.05,0.15999999999999992,0.79,1.602148070239331e-11,30.99999999999946,2100.0000000000005,15.000000000000005,31.166834428987595,94.15719986006319,5.94724279359426,11.92517189212002
0.06,0.1499999999999999,0.79,1.4626852050757403e-11,30.99999999999948,2100.0000000000005,15.000000000000004,31.166834428987606,94.15719986006314,5.947242793594256,11.295268237809257
0.07,0.1399999999999999,0.79,1.543091268874312e-11,30.99999999999958,2100.0000000000005,15.000000000000005,31.166834428987592,94.15719986006317,5.94724279359426,10.665364583498501
0.08,0.13,0.79,1.6434979050624733e-11,30.99999999999969,2100.0000000000005,15.000000000000005,31.16683442898758,94.15719986006317,5.947242793594256,10.035460929187757
0.09,0.12,0.79,2.1813330801836196e-11,30.9999999999996,2100.0000000000005,15.000000000000005,31.1668344289876,94.15719986006319,5.94724279359426,9.405557274877001
0.1,0.10999999999999999,0.79,1.8293192490100467e-11,30.99999999999954,2100.0000000000005,15.000000000000005,31.166834428987592,94.15719986006314,5.947242793594263,8.775653620566237
0.11,0.09999999999999998,0.79,1.8287160716138008e-11,30.999999999999538,2100.0000000000005,15.000000000000007,31.166834428987606,94.15719986006314,5.94724279359426,8.145749966255483
0.12,0.08999999999999997,0.79,1.6848030541073048e-11,30.999999999999776,2100.0000000000005,15.000000000000007,31.166834428987585,94.15719986006316,5.947242793594253,7.515846311944732
0.13,0.07999999999999996,0.79,2.5766816889886738e-11,30.99999999999968,2100.0000000000005,15.000000000000007,31.166834428987595,94.15719986006317,5.947242793594253,6.885942657633977
0.14,0.06999999999999995,0.79,2.5011344846841342e-11,30.999999999999716,2100.0000000000005,15.000000000000009,31.16683442898761,94.1571998600632,5.947242793594253,6.256039003323225
0.15,0.05999999999999994,0.79,1.8910979407447445e-11,30.999999999999822,2100.0000000000005,15.000000000000005,31.166834428987574,94.15719986006314,5.94724279359426,5.626135349012453
0.16,0.04999999999999993,0.79,2.49743055031218e-11,30.99999999999986,2100.0000000000005,15.000000000000005,31.166834428987567,94.15719986006317,5.947242793594253,4.996231694701703
0.17,0.039999999999999925,0.79,1.9760160945919598e-11,30.99999999999984,2100.0000000000005,15.000000000000005,31.166834428987578,94.15719986006317,5.947242793594256,4.366328040390945
0.18,0.030000000000000027,0.79,2.6874547669963526e-11,30.999999999999787,2100.0000000000005,15.000000000000005,31.16683442898758,94.15719986006314,5.94724279359426,3.736424386080196
0.19,0.020000000000000018,0.79,2.992099476054803e-11,30.999999999999833,2100.0000000000005,15.000000000000005,31.16683442898758,94.1571998600632,5.947242793594256,3.106520731769444
0.2,0.010000000000000009,0.79,3.122066050343533e-11,30.9999999999998,2100.0000000000005,15.000000000000005,31.166834428987585,94.15719986006319,5.94724279359426,2.476617077458685
0.0,0.19999999999999996,0.8,1.139814433599424e-11,30.99999999999906,2100.0000000000005,15.000000000000004,31.166834428987606,94.15719986006313,5.947242793594263,14.073645737137209
0.01,0.18999999999999995,0.8,1.2972616984881211e-11,30.999999999999048,2100.0000000000005,15.000000000000004,31.166834428987627,94.15719986006313,5.947242793594263,13.443742082826454
0.02,0.17999999999999994,0.8,1.184739458948349e-11,30.99999999999902,2100.0000000000005,15.000000000000005,31.166834428987617,94.15719986006317,5.947242793594263,12.813838428515705
0.03,0.16999999999999993,0.8,2.1514361787643844e-11,30.999999999999073,2100.0000000000005,15.000000000000007,31.166834428987634,94.1571998600632,5.94724279359426,12.183934774204957
0.04,0.15999999999999992,0.8,2.274672516279955e-11,30.999999999999407,2100.0000000000005,15.000000000000005,31.166834428987595,94.15719986006322,5.947242793594263,11.554031119894198
0.05,0.1499999999999999,0.8,1.586532349592152e-11,30.99999999999942,2100.0000000000005,15.000000000000005,31.166834428987606,94.15719986006317,5.947242793594256,10.924127465583442
0.06,0.1399999999999999,0.8,1.562582632416811e-11,30.999999999999638,2100.0000000000005,15.000000000000005,31.1668344289876,94.15719986006317,5.947242793594263,10.29422381127268
0.07,0.1299999999999999,0.8,1.8279317717357194e-11,30.999999999999396,2100.0000000000005,15.000000000000009,31.16683442898763,94.15719986006316,5.947242793594263,9.664320156961924
0.08,0.12,0.8,1.7772655012710636e-11,30.9999999999997,2100.0000000000005,15.000000000000007,31.166834428987602,94.15719986006316,5.947242793594256,9.034416502651181
0.09,0.10999999999999999,0.8,1.601473322389161e-11,30.999999999999503,2100.0000000000005,15.000000000000009,31.166834428987624,94.15719986006319,5.94724279359426,8.404512848340428
0.1,0.09999999999999998,0.8,1.734868705115573e-11,30.999999999999847,2100.0000000000005,15.000000000000005,31.16683442898757,94.15719986006316,5.94724279359426,7.774609194029664
0.11,0.08999999999999997,0.8,1.9217492620559842e-11,30.999999999999524,2100.0000000000005,15.000000000000007,31.166834428987606,94.15719986006317,5.947242793594256,7.144705539718915
0.12,0.07999999999999996,0.8,1.5140570760674395e-11,30.999999999999613,2100.0000000000005,15.000000000000005,31.166834428987592,94.15719986006317,5.94724279359426,6.514801885408153
0.13,0.06999999999999995,0.8,2.1287696455552183e-11,30.999999999999556,2100.0000000000005,15.000000000000005,31.166834428987592,94.15719986006322,5.94724279359426,5.8848982310974
0.14,0.05999999999999994,0.8,2.37642792857134e-11,30.999999999999773,2100.0000000000005,15.000000000000005,31.166834428987592,94.15719986006317,5.94724279359426,5.254994576786641
0.15,0.04999999999999993,0.8,2.0033682928386746e-11,30.999999999999822,2100.0000000000005,15.000000000000007,31.16683442898759,94.15719986006317,5.947242793594256,4.625090922475886
0.16,0.039999999999999925,0.8,3.0514878082259885e-11,30.999999999999766,2100.0000000000005,15.000000000000007,31.166834428987595,94.1571998600632,5.947242793594256,3.9951872681651306
0.17,0.029999999999999916,0.8,2.7897014852981035e-11,30.999999999999744,2100.0000000000005,15.000000000000005,31.16683442898758,94.15719986006316,5.94724279359426,3.365283613854369
0.18,0.020000000000000018,0.8,3.121714637411674e-11,30.999999999999766,2100.0000000000005,15.000000000000005,31.166834428987578,94.15719986006319,5.947242793594256,2.735379959543624
0.19,0.010000000000000009,0.8,3.5652524246996904e-11,30.99999999999977,2100.0000000000005,15.000000000000005,31.16683442898759,94.15719986006316,5.947242793594267,2.10547630523286
0.0,0.18999999999999995,0.81,1.73961153650276e-11,30.999999999999204,2100.0000000000005,15.000000000000005,31.16683442898761,94.15719986006317,5.947242793594263,13.072601310600646
0.01,0.17999999999999994,0.81,1.625172168831827e-11,30.99999999999897,2100.0000000000005,15.000000000000005,31.166834428987634,94.15719986006317,5.947242793594263,12.44269765628989
0.02,0.16999999999999993,0.81,2.5632108688656005e-11,30.999999999999396,2100.0000000000005,15.000000000000005,31.16683442898761,94.15719986006314,5.94724279359426,11.81279400197913
0.03,0.15999999999999992,0.81,1.5642092227699357e-11,30.999999999999293,2100.0000000000005,15.000000000000005,31.166834428987613,94.15719986006319,5.947242793594267,11.182890347668376
0.04,0.1499999999999999,0.81,1.692595095850378e-11,30.999999999999194,2100.0000000000005,15.000000000000007,31.16683442898763,94.15719986006317,5.94724279359426,10.55298669335762
0.05,0.1399999999999999,0.81,1.8967118383769997e-11,30.999999999999478,2100.0000000000005,15.000000000000005,31.1668344289876,94.15719986006316,5.947242793594263,9.923083039046862
0.06,0.1299999999999999,0.81,1.8298255510792156e-11,30.999999999999414,2100.0000000000005,15.000000000000007,31.166834428987617,94.15719986006319,5.947242793594256,9.293179384736113
0.07,0.11999999999999988,0.81,1.634010780186438e-11,30.99999999999951,2100.0000000000005,15.000000000000009,31.166834428987613,94.15719986006317,5.94724279359426,8.663275730425353
0.08,0.10999999999999999,0.81,3.854451532517506e-11,30.99999999999932,2100.0000000000005,15.000000000000128,31.16683442898812,94.15719986006363,5.947242793594331,8.033372076114638
0.09,0.09999999999999998,0.81,2.9061650325933583e-11,30.999999999999556,2100.0000000000005,15.000000000000007,31.166834428987613,94.1571998600632,5.94724279359426,7.4034684218038525
0.1,0.08999999999999997,0.81,1.9737686274481452e-11,30.999999999999602,2100.0000000000005,15.000000000000007,31.16683442898761,94.1571998600632,5.947242793594256,6.773564767493098
0.11,0.07999999999999996,0.81,3.0748223476457344e-11,30.99999999999952,2100.0000000000005,15.000000000000007,31.16683442898761,94.15719986006319,5.947242793594253,6.143661113182343
0.12,0.06999999999999995,0.81,1.7935472786201957e-11,30.999999999999748,2100.0000000000005,15.000000000000007,31.166834428987592,94.15719986006317,5.94724279359426,5.513757458871579
0.13,0.05999999999999994,0.81,3.1632321884389794e-11,30.99999999999975,2100.0000000000005,15.000000000000007,31.1668344289876,94.15719986006319,5.947242793594256,4.883853804560826
0.14,0.04999999999999993,0.81,2.1944235426087363e-11,30.999999999999687,2100.0000000000005,15.000000000000007,31.1668344289876,94.15719986006317,5.947242793594256,4.253950150250069
0.15,0.039999999999999925,0.81,2.8868434807950712e-11,30.999999999999755,2100.0000000000005,15.000000000000007,31.166834428987602,94.1571998600632,5.94724279359426,3.624046495939311
0.16,0.029999999999999916,0.81,3.171713834637344e-11,30.999999999999737,2100.0000000000005,15.000000000000007,31.166834428987602,94.15719986006314,5.947242793594256,2.9941428416285554
0.17,0.019999999999999907,0.81,3.708510687041606e-11,30.999999999999737,2100.0000000000005,15.000000000000007,31.16683442898761,94.15719986006314,5.94724279359426,2.364239187317798
0.18,0.010000000000000009,0.81,3.428428266474892e-11,30.999999999999808,2100.0000000000005,15.000000000000005,31.16683442898758,94.15719986006317,5.947242793594267,1.734335533007041
0.0,0.18000000000000005,0.82,2.0560469886444453e-11,30.999999999998384,2100.0000000000005,15.000000000000009,31.16683442898769,94.15719986006324,5.947242793594263,12.07155688406409
0.01,0.17000000000000004,0.82,1.6181748840742e-11,30.99999999999933,2100.0000000000005,15.000000000000009,31.166834428987638,94.1571998600632,5.94724279359426,11.441653229753332
0.02,0.16000000000000003,0.82,1.8957442491687153e-11,30.999999999999275,2100.0000000000005,15.000000000000009,31.16683442898764,94.15719986006317,5.947242793594263,10.811749575442569
0.03,0.15000000000000002,0.82,1.9018380656976567e-11,30.999999999999396,2100.0000000000005,15.000000000000009,31.16683442898763,94.15719986006316,5.947242793594263,10.18184592113181
0.04,0.14,0.82,1.877515932798635e-11,30.999999999999385,2100.0000000000005,15.000000000000007,31.16683442898762,94.15719986006317,5.94724279359426,9.551942266821058
0.05,0.13,0.82,1.9915578169594935e-11,30.999999999999453,2100.0000000000005,15.000000000000007,31.16683442898762,94.1571998600632,5.94724279359426,8.922038612510304
0.06,0.12,0.82,2.0196810486788723e-11,30.999999999999403,2100.0000000000005,15.000000000000009,31.166834428987634,94.15719986006323,5.947242793594263,8.29213495819955
0.07,0.10999999999999999,0.82,2.1961918951339708e-11,30.99999999999923,2100.0000000000005,15.000000000000009,31.166834428987645,94.1571998600632,5.947242793594263,7.662231303888791
0.08,0.10000000000000009,0.82,1.6672314921800453e-11,30.99999999999957,2100.0000000000005,15.000000000000007,31.1668344289876,94.15719986006317,5.947242793594256,7.032327649578045
0.09,0.09000000000000008,0.82,2.2554929036668633e-11,30.999999999999563,2100.0000000000005,15.000000000000009,31.16683442898762,94.15719986006322,5.94724279359426,6.40242399526729
0.1,0.08000000000000007,0.82,1.755358185529675e-11,30.999999999999588,2100.0000000000005,15.000000000000007,31.166834428987602,94.15719986006314,5.947242793594256,5.772520340956529
0.11,0.07000000000000006,0.82,2.0662442762238686e-11,30.9999999999996,2100.0000000000005,15.000000000000007,31.16683442898761,94.1571998600632,5.947242793594256,5.142616686645777
0.12,0.06000000000000005,0.82,3.2263621531432805e-11,30.999999999999762,2100.0000000000005,15.000000000000007,31.166834428987595,94.15719986006319,5.947242793594256,4.512713032335018
0.13,0.050000000000000044,0.82,2.5268810791644612e-11,30.99999999999957,2100.0000000000005,15.000000000000009,31.166834428987617,94.15719986006317,5.947242793594256,3.8828093780242643
0.14,0.040000000000000036,0.82,3.6305754229933954e-11,30.99999999999971,2100.0000000000005,15.000000000000009,31.16683442898762,94.1571998600632,5.947242793594267,3.2529057237135
0.15,0.030000000000000027,0.82,3.910626185066313e-11,30.99999999999971,2100.0000000000005,15.000000000000009,31.16683442898762,94.15719986006319,5.947242793594263,2.6230020694027454
0.16,0.020000000000000018,0.82,3.9528269923012214e-11,30.99999999999971,2100.0000000000005,15.000000000000009,31.16683442898762,94.15719986006319,5.947242793594267,1.9930984150919864
0.17,0.010000000000000009,0.82,4.7121254364575055e-11,30.999999999999734,2100.0000000000005,15.00000000000001,31.166834428987624,94.15719986006322,5.94724279359426,1.3631947607812362
0.18,1.1102230246251565e-16,0.82,5.277820601292947e-11,30.999999999999748,2100.000000000001,15.000000000000009,31.16683442898763,94.15719986006326,5.947242793594263,0.7332911064704888
0.0,0.17000000000000004,0.83,1.507609169291498e-11,30.999999999997954,2100.0000000000005,15.00000000000001,31.166834428987727,94.15719986006323,5.947242793594274,11.070512457527506
0.01,0.16000000000000003,0.83,2.0188265070888846e-11,30.99999999999851,2100.0000000000005,15.00000000000001,31.16683442898769,94.15719986006326,5.947242793594263,10.440608803216763
0.02,0.15000000000000002,0.83,2.216989778453131e-11,30.999999999999286,2100.0000000000005,15.000000000000014,31.16683442898764,94.15719986006323,5.947242793594267,9.810705148905999
0.03,0.14,0.83,2.0347472015938925e-11,30.99999999999948,2100.0000000000005,15.00000000000001,31.16683442898763,94.15719986006323,5.94724279359426,9.180801494595247
0.04,0.13,0.83,3.0066955862960574e-11,30.999999999999275,2100.0000000000005,15.000000000000009,31.16683442898764,94.15719986006319,5.947242793594256,8.550897840284488
0.05,0.12,0.83,2.075433236932913e-11,30.99999999999958,2100.0000000000005,15.00000000000001,31.166834428987617,94.1571998600632,5.94724279359426,7.920994185973729
0.06,0.10999999999999999,0.83,1.6997090747586838e-11,30.999999999999357,2100.0000000000005,15.000000000000009,31.166834428987627,94.15719986006322,5.94724279359426,7.2910905316629755
0.07,0.09999999999999998,0.83,2.535387429812528e-11,30.999999999999655,2100.0000000000005,15.00000000000001,31.166834428987613,94.15719986006317,5.94724279359426,6.661186877352213
0.08,0.09000000000000008,0.83,2.7914974319658583e-11,30.999999999999414,2100.0000000000005,15.000000000000009,31.166834428987634,94.15719986006323,5.94724279359426,6.031283223041475
0.09,0.08000000000000007,0.83,2.9263921081654765e-11,30.999999999999588,2100.0000000000005,15.000000000000012,31.166834428987638,94.1571998600632,5.947242793594263,5.401379568730713
0.1,0.07000000000000006,0.83,2.5986356864490916e-11,30.999999999999638,2100.0000000000005,15.000000000000009,31.166834428987617,94.1571998600632,5.947242793594256,4.77147591441996
0.11,0.06000000000000005,0.83,4.349775798600749e-11,30.999999999999563,2100.0000000000005,15.00000000000001,31.166834428987627,94.15719986006324,5.94724279359426,4.1415722601092035
0.12,0.050000000000000044,0.83,3.719837385994588e-11,30.999999999999623,2100.0000000000005,15.00000000000001,31.166834428987627,94.15719986006317,5.947242793594263,3.511668605798439
0.13,0.040000000000000036,0.83,3.983824983327005e-11,30.99999999999964,2100.0000000000005,15.00000000000001,31.166834428987627,94.15719986006317,5.947242793594267,2.88176495148768
0.14,0.030000000000000027,0.83,4.0159871621529505e-11,30.999999999999655,2100.0000000000005,15.00000000000001,31.166834428987627,94.15719986006317,5.947242793594267,2.251861297176924
0.15,0.020000000000000018,0.83,4.990111530999156e-11,30.999999999999687,2100.0000000000005,15.00000000000001,31.166834428987627,94.15719986006323,5.94724279359426,1.6219576428661746
0.16,0.010000000000000009,0.83,5.743741282486868e-11,30.999999999999734,2100.000000000001,15.000000000000009,31.16683442898763,94.15719986006323,5.94724279359427,0.9920539885554103
0.17,0.0,0.83,6.576072236784673e-11,30.999999999999723,2100.000000000001,15.00000000000001,31.16683442898765,94.15719986006327,5.94724279359426,0.3621503342446655
0.0,0.16000000000000003,0.84,2.795096099267591e-11,30.999999999995968,2100.0000000000005,15.00000000000001,31.166834428987862,94.15719986006332,5.9472427935942775,10.06946803099094
0.01,0.15000000000000002,0.84,1.9542467884089334e-11,30.999999999997655,2100.0000000000005,15.000000000000016,31.16683442898777,94.15719986006326,5.94724279359427,9.439564376680181
0.02,0.14,0.84,2.2455281172995757e-11,30.999999999998558,2100.0000000000005,15.000000000000016,31.166834428987713,94.15719986006324,5.94724279359427,8.809660722369422
0.03,0.13,0.84,2.701422970758358e-11,30.999999999999098,2100.0000000000005,15.00000000000002,31.166834428987695,94.15719986006324,5.94724279359427,8.179757068058667
0.04,0.12,0.84,2.2832429806083998e-11,30.999999999998572,2100.0000000000005,15.000000000000012,31.1668344289877,94.15719986006322,5.94724279359427,7.549853413747907
0.05,0.10999999999999999,0.84,2.6850094707046977e-11,30.999999999999094,2100.0000000000005,15.000000000000016,31.166834428987674,94.15719986006323,5.947242793594263,6.9199497594371575
0.06,0.09999999999999998,0.84,2.128226854145902e-11,30.99999999999935,2100.0000000000005,15.000000000000012,31.16683442898765,94.15719986006319,5.947242793594263,6.290046105126393
0.07,0.08999999999999997,0.84,3.790555937912883e-11,30.999999999999375,2100.0000000000005,15.000000000000014,31.16683442898766,94.1571998600632,5.947242793594263,5.6601424508156395
0.08,0.08000000000000007,0.84,3.5572832519703465e-11,30.999999999999478,2100.0000000000005,15.000000000000012,31.166834428987645,94.1571998600632,5.94724279359427,5.030238796504887
0.09,0.07000000000000006,0.84,3.905031146383884e-11,30.99999999999952,2100.0000000000005,15.000000000000014,31.16683442898765,94.1571998600632,5.947242793594263,4.4003351421941375
0.1,0.06000000000000005,0.84,3.893536590756885e-11,30.999999999999492,2100.0000000000005,15.000000000000014,31.166834428987645,94.15719986006319,5.947242793594267,3.7704314878833776
0.11,0.050000000000000044,0.84,4.5558660315070657e-11,30.99999999999958,2100.0000000000005,15.000000000000012,31.16683442898765,94.15719986006323,5.947242793594263,3.1405278335726265
0.12,0.040000000000000036,0.84,4.9056597776504604e-11,30.999999999999584,2100.0000000000005,15.000000000000012,31.16683442898765,94.15719986006323,5.94724279359426,2.510624179261872
0.13,0.030000000000000027,0.84,5.360048810331991e-11,30.999999999999627,2100.000000000001,15.000000000000012,31.166834428987656,94.15719986006326,5.947242793594267,1.880720524951113
0.14,0.020000000000000018,0.84,6.218375188985218e-11,30.999999999999655,2100.000000000001,15.000000000000014,31.166834428987663,94.1571998600633,5.947242793594267,1.2508168706403575
0.15,0.010000000000000009,0.84,7.202217328586016e-11,30.999999999999673,2100.000000000001,15.000000000000014,31.16683442898766,94.15719986006332,5.947242793594267,0.6209132163295994
0.16,0.0,0.84,8.61652774971713e-11,30.99999999999972,2100.000000000001,15.000000000000016,31.166834428987688,94.15719986006327,5.94724279359427,-0.008990437981156951
0.0,0.15000000000000002,0.85,6.155350800586508e-9,-8.999999999938968,2399.9999999993097,22.999999999994138,80.81623917409294,132.1561304799016,13.972566370058214,7.946738157435762
0.01,0.14,0.85,6.561903695310611e-9,-8.999999999934795,2399.9999999992656,22.999999999993765,80.81623917408874,132.15613047990053,13.972566370057422,7.433339244378155
0.02,0.13,0.85,2.3117398303678747e-11,30.999999999996348,2100.0000000000005,15.00000000000001,31.16683442898784,94.1571998600633,5.9472427935942775,7.80861629583285
0.03,0.12,0.85,7.561819115404716e-9,-8.999999999924468,2399.9999999991587,22.99999999999285,80.8162391740785,132.156130479898,13.972566370055514,6.406541418262927
0.04,0.10999999999999999,0.85,8.184794637373019e-9,-8.999999999917955,2399.9999999990923,22.99999999999228,80.81623917407211,132.15613047989635,13.972566370054317,5.8931425052053115
0.05,0.09999999999999998,0.85,3.811838814304265e-11,30.99999999999909,2100.0000000000005,15.000000000000025,31.166834428987734,94.15719986006326,5.947242793594274,5.918905332900578
0.06,0.08999999999999997,0.85,3.5427181875478236e-11,30.99999999999927,2100.0000000000005,15.000000000000027,31.166834428987702,94.15719986006324,5.9472427935942775,5.289001678589814
0.07,0.07999999999999996,0.85,3.583112884202024e-11,30.999999999999275,2100.0000000000005,15.000000000000025,31.166834428987716,94.15719986006323,5.947242793594274,4.659098024279062
0.08,0.07000000000000006,0.85,4.1454841898497494e-11,30.99999999999932,2100.0000000000005,15.000000000000021,31.166834428987677,94.15719986006322,5.947242793594274,4.0291943699683115
0.09,0.06000000000000005,0.85,5.127044391525358e-11,30.99999999999945,2100.0000000000005,15.00000000000002,31.166834428987688,94.15719986006329,5.947242793594274,3.3992907156575614
0.1,0.050000000000000044,0.85,5.0919392608087075e-11,30.99999999999938,2100.0000000000005,15.000000000000021,31.16683442898769,94.1571998600633,5.9472427935942775,2.7693870613468032
0.11,0.040000000000000036,0.85,5.825646793687037e-11,30.99999999999953,2100.0000000000005,15.000000000000021,31.166834428987674,94.15719986006329,5.9472427935942775,2.1394834070360433
0.12,0.030000000000000027,0.85,6.022666586128875e-11,30.99999999999958,2100.000000000001,15.000000000000018,31.166834428987684,94.15719986006332,5.9472427935942775,1.5095797527252888
0.13,0.020000000000000018,0.85,7.991940630610125e-11,30.999999999999634,2100.000000000001,15.000000000000018,31.16683442898768,94.15719986006332,5.947242793594274,0.8796760984145333
0.14,0.010000000000000009,0.85,9.875179223925934e-11,30.99999999999963,2100.000000000001,15.000000000000018,31.1668344289877,94.15719986006336,5.947242793594274,0.24977244410378052
0.15,0.0,0.85,1.2568626256580041e-10,30.999999999999662,2100.000000000001,15.000000000000023,31.166834428987727,94.15719986006332,5.9472427935942775,-0.3801312102069767
0.0,0.14,0.86,6.709331920007289e-9,-8.999999999938339,2399.9999999993915,22.99999999999474,80.81623917409982,132.15613047990718,13.972566370059468,6.4854511889358655
0.01,0.13,0.86,7.195103634987543e-9,-8.999999999934069,2399.9999999993574,22.99999999999444,80.8162391740965,132.15613047990678,13.97256637005884,5.972052275878244
0.02,0.12,0.86,7.757622863308825e-9,-8.999999999929177,2399.9999999993197,22.999999999994102,80.81623917409273,132.15613047990644,13.972566370058118,5.458653362820646
0.03,0.10999999999999999,0.86,8.414413135501888e-9,-8.999999999923475,2399.999999999277,22.999999999993722,80.81623917408851,132.1561304799061,13.972566370057312,4.945254449763034
0.04,0.09999999999999998,0.86,9.19355642606839e-9,-8.999999999916804,2399.9999999992287,22.99999999999329,80.81623917408368,132.15613047990578,13.972566370056406,4.431855536705413
0.05,0.08999999999999997,0.86,9.39965412776539e-12,-8.999999999999892,2399.999999999999,22.999999999999993,80.81623917415817,132.1561304799194,13.972566370070435,3.9184566236400755
0.06,0.07999999999999996,0.86,4.225536830660908e-11,30.999999999999005,2100.0000000000005,15.000000000000048,31.166834428987823,94.15719986006332,5.947242793594288,4.287957252053244
0.07,0.06999999999999995,0.86,4.529348969438934e-11,30.999999999999023,2100.0000000000005,15.000000000000043,31.16683442898779,94.15719986006337,5.947242793594285,3.6580535977424926
0.08,0.06000000000000005,0.86,5.417423894900221e-11,30.999999999999275,2100.0000000000005,15.000000000000043,31.166834428987773,94.15719986006334,5.947242793594285,3.0281499434317425
0.09,0.050000000000000044,0.86,4.784307178790244e-11,30.99999999999936,2100.0000000000005,15.000000000000043,31.166834428987762,94.15719986006334,5.947242793594274,2.398246289120994
0.1,0.040000000000000036,0.86,7.248944380758166e-11,30.999999999999496,2100.000000000001,15.000000000000036,31.166834428987766,94.15719986006337,5.947242793594285,1.7683426348102298
0.11,0.030000000000000027,0.86,8.508123609610472e-11,30.999999999999503,2100.000000000001,15.00000000000004,31.166834428987798,94.15719986006341,5.947242793594288,1.1384389804994752
0.12,0.020000000000000018,0.86,1.188059943174708e-10,30.99999999999953,2100.000000000001,15.000000000000034,31.166834428987784,94.15719986006337,5.947242793594281,0.5085353261887215
0.13,0.010000000000000009,0.86,1.5391088174550462e-10,30.999999999999584,2100.000000000001,15.00000000000004,31.166834428987826,94.15719986006349,5.947242793594295,-0.12136832812204013
0.14,0.0,0.86,2.362901678125908e-10,30.999999999999602,2100.000000000001,15.000000000000039,31.166834428987865,94.15719986006351,5.947242793594295,-0.751271982432792
0.0,0.13,0.87,7.3723736169713066e-9,-8.999999999937684,2399.9999999994557,22.99999999999523,80.81623917410542,132.15613047991215,13.972566370060473,5.024164220435969
0.01,0.12,0.87,7.962945565543071e-9,-8.999999999933326,2399.999999999429,22.999999999994984,80.81623917410272,132.1561304799124,13.972566370059965,4.510765307378346
0.02,0.10999999999999999,0.87,8.656968760282858e-9,-8.999999999928319,2399.9999999993993,22.99999999999471,80.81623917409974,132.1561304799128,13.97256637005938,3.997366394320741
0.03,0.09999999999999998,0.87,9.484387049679288e-9,-8.999999999922483,2399.999999999366,22.999999999994408,80.81623917409638,132.1561304799134,13.97256637005874,3.483967481263125
0.04,0.08999999999999997,0.87,1.0065815179133834e-11,-8.999999999999922,2399.999999999999,22.999999999999993,80.81623917415817,132.1561304799194,13.972566370070435,2.9705685681977894
0.05,0.07999999999999996,0.87,1.0713421689370292e-11,-8.999999999999913,2399.999999999999,22.999999999999993,80.8162391741582,132.1561304799194,13.972566370070435,2.457169655140177
0.06,0.06999999999999995,0.87,1.375965774854258e-11,-8.999999999999899,2399.999999999999,22.99999999999999,80.81623917415817,132.15613047991943,13.972566370070435,1.9437707420825632
0.07,0.05999999999999994,0.87,1.7181499781924077e-11,-8.999999999999876,2399.999999999999,22.999999999999993,80.8162391741582,132.15613047991948,13.972566370070428,1.4303718290249634
0.08,0.050000000000000044,0.87,2.0211625825403924e-11,-8.999999999999863,2399.999999999999,22.999999999999993,80.81623917415817,132.15613047991945,13.972566370070435,0.916972915967353
0.09,0.040000000000000036,0.87,2.483504724170505e-11,-8.999999999999877,2399.999999999999,22.999999999999993,80.81623917415818,132.1561304799195,13.972566370070432,0.4035740029097461
0.1,0.030000000000000027,0.87,2.8176122707359184e-11,-8.99999999999978,2399.999999999999,22.99999999999999,80.81623917415814,132.15613047991948,13.972566370070432,-0.10982491014787321
0.11,0.020000000000000018,0.87,4.0220464588092956e-11,-8.999999999999783,2399.9999999999986,22.99999999999999,80.81623917415811,132.1561304799195,13.972566370070417,-0.6232238232054783
0.12,0.010000000000000009,0.87,6.762012620325228e-11,-8.99999999999971,2399.9999999999986,22.999999999999986,80.81623917415811,132.15613047991954,13.972566370070428,-1.136622736263103
0.13,0.0,0.87,2.1651656078194551e-10,-8.999999999999558,2399.9999999999986,22.999999999999986,80.8162391741582,132.1561304799199,13.972566370070432,-1.6500216493207098
0.0,0.12,0.88,8.179745953783491e-9,-8.999999999937017,2399.999999999508,22.999999999995634,80.81623917411017,132.1561304799169,13.972566370061326,3.56287725193606
0.01,0.10999999999999999,0.88,8.913510972016006e-9,-8.999999999932566,2399.999999999486,22.999999999995428,80.81623917410795,132.1561304799178,13.972566370060889,3.0494783388784548
0.02,0.09999999999999998,0.88,9.794027897849596e-9,-8.99999999992743,2399.999999999462,22.999999999995204,80.8162391741055,132.15613047991897,13.972566370060413,2.536079425820841
0.03,0.08999999999999997,0.88,1.086613427849924e-11,-8.999999999999922,2399.9999999999995,22.999999999999993,80.8162391741582,132.15613047991943,13.972566370070428,2.022680512755514
0.04,0.07999999999999996,0.88,1.2185183373968106e-11,-8.999999999999917,2399.999999999999,22.999999999999993,80.8162391741582,132.1561304799194,13.972566370070435,1.5092815996978928
0.05,0.06999999999999995,0.88,1.198756159532806e-11,-8.999999999999908,2399.999999999999,22.999999999999993,80.8162391741582,132.15613047991943,13.972566370070428,0.9958826866402877
0.06,0.05999999999999994,0.88,1.6142719413971147e-11,-8.99999999999994,2399.9999999999995,22.999999999999993,80.8162391741582,132.15613047991948,13.972566370070432,0.4824837735826737
0.07,0.04999999999999993,0.88,1.7033170521640715e-11,-8.99999999999992,2399.999999999999,22.999999999999993,80.8162391741582,132.1561304799195,13.972566370070432,-0.030915139474938513
0.08,0.040000000000000036,0.88,2.2233770210415124e-11,-8.999999999999902,2399.999999999999,22.999999999999993,80.81623917415818,132.15613047991948,13.972566370070435,-0.5443140525325436
0.09,0.030000000000000027,0.88,3.0827471486280495e-11,-8.999999999999863,2399.999999999999,22.999999999999993,80.8162391741582,132.15613047991945,13.972566370070428,-1.0577129655901505
0.1,0.020000000000000018,0.88,4.3946693854655983e-11,-8.99999999999982,2399.999999999999,22.999999999999993,80.8162391741582,132.15613047991954,13.972566370070428,-1.5711118786477627
0.11,0.010000000000000009,0.88,8.771855547355657e-11,-8.999999999999773,2399.999999999999,22.99999999999999,80.81623917415818,132.15613047991963,13.972566370070442,-2.0845107917053927
0.12,0.0,0.88,7.003821297042991e-10,-8.999999999999716,2399.999999999999,22.99999999999999,80.81623917415854,132.15613047992116,13.972566370070474,-2.5979097047629924
0.0,0.10999999999999999,0.89,9.186110732900033e-9,-8.999999999936348,2399.9999999995507,22.99999999999598,80.81623917411429,132.15613047992167,13.972566370062044,2.1015902834361633
0.01,0.09999999999999998,0.89,1.0530351871213665e-11,-8.99999999999993,2399.9999999999995,22.999999999999996,80.81623917415823,132.15613047991943,13.972566370070435,1.5881913703708364
0.02,0.08999999999999997,0.89,1.1620201299258598e-11,-8.999999999999922,2399.9999999999995,22.999999999999996,80.81623917415823,132.15613047991943,13.972566370070428,1.0747924573132277
0.03,0.07999999999999996,0.89,1.2648721488897761e-11,-8.99999999999992,2399.9999999999995,22.999999999999996,80.81623917415821,132.15613047991943,13.972566370070428,0.5613935442556137
0.04,0.06999999999999995,0.89,1.4584831274835163e-11,-8.99999999999992,2399.9999999999995,22.999999999999993,80.8162391741582,132.15613047991945,13.972566370070428,0.04799463119800329
0.05,0.05999999999999994,0.89,1.7101937417890015e-11,-8.999999999999904,2399.9999999999995,22.999999999999993,80.8162391741582,132.1561304799195,13.972566370070428,-0.46540428185960714
0.06,0.04999999999999993,0.89,2.138574911030625e-11,-8.999999999999895,2399.999999999999,22.999999999999993,80.81623917415818,132.15613047991945,13.972566370070439,-0.9788031949172353
0.07,0.039999999999999925,0.89,2.9525658934573124e-11,-8.999999999999865,2399.999999999999,22.999999999999993,80.81623917415818,132.15613047991945,13.972566370070432,-1.4922021079748422
0.08,0.030000000000000027,0.89,3.012657095315726e-11,-8.999999999999869,2399.999999999999,22.999999999999993,80.81623917415818,132.15613047991948,13.972566370070428,-2.0056010210324384
0.09,0.020000000000000018,0.89,5.5606754040875585e-11,-8.999999999999854,2399.999999999999,22.999999999999993,80.81623917415821,132.15613047991957,13.972566370070435,-2.518999934090054
0.1,0.010000000000000009,0.89,1.283968848827059e-10,-8.999999999999812,2399.999999999999,22.999999999999993,80.81623917415823,132.15613047991974,13.972566370070432,-3.032398847147663
0.0,0.09999999999999998,0.9,8.719076849866222e-12,-8.999999999999941,2399.9999999999995,22.999999999999996,80.8162391741582,132.1561304799194,13.972566370070432,0.6403033149285484
0.01,0.08999999999999997,0.9,6.656093621944575e-12,-8.999999999999917,2399.9999999999995,22.999999999999996,80.81623917415821,132.15613047991945,13.972566370070432,0.12690440187094154
0.02,0.07999999999999996,0.9,1.2301716916067923e-11,-8.999999999999929,2399.9999999999995,22.999999999999996,80.81623917415823,132.15613047991943,13.972566370070428,-0.38649451118667066
0.03,0.06999999999999995,0.9,1.0369822872534347e-11,-8.999999999999918,2399.9999999999995,22.999999999999996,80.81623917415823,132.15613047991945,13.972566370070435,-0.89989342424429
0.04,0.05999999999999994,0.9,1.7490237912935532e-11,-8.999999999999915,2399.9999999999995,22.999999999999996,80.81623917415821,132.15613047991948,13.972566370070432,-1.4132923373018986
0.05,0.04999999999999993,0.9,2.335958587117235e-11,-8.999999999999874,2399.9999999999995,22.999999999999996,80.81623917415821,132.15613047991948,13.972566370070428,-1.926691250359509
0.06,0.039999999999999925,0.9,2.8383089062505217e-11,-8.999999999999892,2399.9999999999995,22.999999999999993,80.8162391741582,132.1561304799195,13.972566370070432,-2.4400901634171266
0.07,0.029999999999999916,0.9,3.942904204151465e-11,-8.999999999999888,2399.9999999999995,22.999999999999993,80.81623917415821,132.1561304799195,13.972566370070428,-2.9534890764747352
0.08,0.020000000000000018,0.9,6.772030162537378e-11,-8.999999999999858,2399.9999999999995,22.999999999999993,80.81623917415821,132.1561304799196,13.972566370070428,-3.4668879895323332
0.09,0.010000000000000009,0.9,2.0912467943719392e-10,-8.99999999999981,2399.999999999999,22.999999999999993,80.81623917415827,132.15613047991988,13.972566370070446,-3.980286902589958
0.0,0.08999999999999997,0.91,9.118027936690398e-12,-8.999999999999927,2399.9999999999995,22.999999999999996,80.81623917415821,132.15613047991943,13.972566370070425,-0.8209836535713428
0.01,0.07999999999999996,0.91,1.1427569293277268e-11,-8.999999999999934,2399.9999999999995,22.999999999999996,80.81623917415823,132.1561304799194,13.972566370070428,-1.3343825666289604
0.02,0.06999999999999995,0.91,1.5831982832419227e-11,-8.999999999999938,2399.9999999999995,22.999999999999996,80.81623917415823,132.15613047991948,13.972566370070435,-1.8477814796865726
0.03,0.05999999999999994,0.91,1.934939009642496e-11,-8.999999999999925,2399.9999999999995,22.999999999999996,80.81623917415823,132.1561304799195,13.972566370070432,-2.361180392744185
0.04,0.04999999999999993,0.91,2.5010343301965656e-11,-8.99999999999991,2399.9999999999995,22.999999999999996,80.81623917415821,132.1561304799195,13.972566370070428,-2.874579305801795
0.05,0.039999999999999925,0.91,3.4431453186539674e-11,-8.999999999999936,2399.9999999999995,22.999999999999996,80.81623917415823,132.1561304799195,13.972566370070428,-3.387978218859409
0.06,0.029999999999999916,0.91,4.338298409147344e-11,-8.999999999999867,2399.9999999999995,22.999999999999996,80.81623917415821,132.1561304799195,13.972566370070425,-3.9013771319170196
0.07,0.019999999999999907,0.91,8.544597502765173e-11,-8.999999999999885,2399.9999999999995,22.999999999999996,80.81623917415824,132.15613047991965,13.972566370070442,-4.414776044974646
0.08,0.010000000000000009,0.91,6.957974052029397e-10,-8.99999999999985,2399.9999999999995,22.999999999999996,80.8162391741586,132.15613047992122,13.972566370070478,-4.928174958032233
0.0,0.07999999999999996,0.92,1.4207680194063849e-11,-8.999999999999925,2399.9999999999995,22.999999999999996,80.81623917415821,132.15613047991948,13.972566370070428,-2.282270622071241
0.01,0.06999999999999995,0.92,1.4326896389355076e-11,-8.999999999999918,2399.9999999999995,22.999999999999996,80.81623917415821,132.15613047991945,13.972566370070428,-2.795669535128855
0.02,0.05999999999999994,0.92,2.209778808720664e-11,-8.999999999999897,2399.9999999999995,22.999999999999996,80.81623917415821,132.15613047991948,13.972566370070439,-3.309068448186478
0.03,0.04999999999999993,0.92,2.556648805549134e-11,-8.999999999999892,2399.9999999999995,22.999999999999996,80.81623917415821,132.1561304799195,13.972566370070432,-3.822467361244085
0.04,0.039999999999999925,0.92,3.7168738923354125e-11,-8.999999999999927,2399.9999999999995,22.999999999999996,80.81623917415824,132.1561304799195,13.972566370070432,-4.335866274301697
0.05,0.029999999999999916,0.92,6.16835178820063e-11,-8.999999999999899,2399.9999999999995,22.999999999999996,80.81623917415823,132.15613047991954,13.972566370070442,-4.849265187359322
0.06,0.019999999999999907,0.92,1.1920076691897207e-10,-8.999999999999876,2399.9999999999995,22.999999999999996,80.81623917415828,132.15613047991974,13.972566370070432,-5.362664100416918
0.07,0.009999999999999898,0.92,6668.684821898181,-8.999999999871381,2399.999999999533,22.999999999994262,84.61817277997858,148.93026338383885,14.470991370551673,-5.900737332470666
0.0,0.06999999999999995,0.93,1.6108224656080964e-11,-8.999999999999954,2399.9999999999995,22.999999999999996,80.81623917415823,132.1561304799195,13.972566370070432,-3.743557590571143
0.01,0.05999999999999994,0.93,1.806081678187725e-11,-8.999999999999895,2399.9999999999995,22.999999999999996,80.81623917415821,132.1561304799195,13.972566370070435,-4.256956503628759
0.02,0.04999999999999993,0.93,1.9808189107634934e-11,-8.999999999999941,2399.9999999999995,22.999999999999996,80.81623917415823,132.15613047991948,13.972566370070439,-4.770355416686378
0.03,0.039999999999999925,0.93,3.774436096503559e-11,-8.999999999999927,2399.9999999999995,22.999999999999996,80.81623917415824,132.1561304799195,13.972566370070432,-5.283754329743985
0.04,0.029999999999999916,0.93,6.302632398997046e-11,-8.999999999999924,2399.9999999999995,22.999999999999996,80.81623917415826,132.15613047991954,13.972566370070439,-5.797153242801603
0.05,0.019999999999999907,0.93,1.854209238193848e-10,-8.999999999999915,2399.9999999999995,22.999999999999996,80.81623917415831,132.15613047991985,13.972566370070446,-6.310552155859215
0.06,0.009999999999999898,0.93,6668.69732509166,-8.99999999988493,2399.9999999995857,22.99999999999495,84.6181799082751,148.93029483385618,14.470992305055788,-6.891629100866831
0.0,0.06000000000000005,0.94,2.4037257997566098e-11,-8.999999999999925,2399.9999999999995,22.999999999999996,80.81623917415823,132.15613047991948,13.972566370070428,-5.2048445590710255
0.01,0.050000000000000044,0.94,3.331900928528459e-11,-8.999999999999956,2399.9999999999995,22.999999999999996,80.81623917415823,132.15613047991948,13.972566370070439,-5.718243472128649
0.02,0.040000000000000036,0.94,4.8589366009081855e-11,-8.999999999999943,2399.9999999999995,22.999999999999996,80.81623917415824,132.15613047991954,13.972566370070435,-6.231642385186257
0.03,0.030000000000000027,0.94,6.155477362416197e-11,-8.999999999999938,2399.9999999999995,22.999999999999996,80.81623917415824,132.1561304799195,13.972566370070439,-6.745041298243876
0.04,0.020000000000000018,0.94,7.181736372996703e-10,-8.999999999999917,2399.9999999999995,22.999999999999996,80.81623917415861,132.15613047992122,13.972566370070485,-7.258440211301483
0.05,0.010000000000000009,0.94,6668.706124593846,-8.999999999895822,2399.999999999628,22.99999999999552,84.61818492503107,148.93031696776157,14.470992962741565,-7.8825209690479
0.06,0.0,0.94,6668.725245480541,-8.999999999877003,2399.9999999996176,22.99999999999523,84.61819582617761,148.93036506364567,14.47099439185731,-8.525642678639526
0.0,0.050000000000000044,0.95,3.421576553981419e-11,-8.999999999999964,2399.9999999999995,22.999999999999996,80.81623917415824,132.15613047991945,13.972566370070432,-6.666131527570932
0.01,0.040000000000000036,0.95,5.4346896844599055e-11,-8.99999999999993,2399.9999999999995,22.999999999999996,80.81623917415826,132.15613047991957,13.972566370070428,-7.179530440628537
0.02,0.030000000000000027,0.95,1.1373721283849788e-10,-8.999999999999956,2399.9999999999995,22.999999999999996,80.81623917415828,132.1561304799197,13.972566370070442,-7.692929353686158
0.03,0.020000000000000018,0.95,6668.684545326967,-8.999999999913692,2399.9999999996708,22.999999999996238,84.61817262232242,148.93026268817283,14.470991349884333,-8.230291349956984
0.04,0.010000000000000009,0.95,6668.713322912399,-8.999999999903542,2399.9999999996626,22.999999999995982,84.61818902892304,148.93033507411562,14.470993500752865,-8.873412871457305
0.05,0.0,0.95,6668.730346566487,-8.999999999888095,2399.999999999654,22.99999999999576,84.6181987344016,148.93037789470802,14.470994773119251,-9.516534615850459
0.0,0.040000000000000036,0.96,6.60141991412886e-11,-8.99999999999996,2399.9999999999995,22.999999999999996,80.81623917415826,132.15613047991957,13.972566370070439,-8.127418496070835
0.01,0.030000000000000027,0.96,1.9584444862550966e-10,-8.999999999999964,2399.9999999999995,22.999999999999996,80.81623917415833,132.1561304799199,13.97256637007045,-8.640817409128449
0.02,0.020000000000000018,0.96,6668.697158802279,-8.999999999920014,2399.999999999698,22.999999999996543,84.61817981348847,148.9302944155866,14.470992292630324,-9.221183116343607
0.03,0.010000000000000009,0.96,6668.719566582041,-8.99999999991032,2399.999999999691,22.999999999996362,84.61819258855218,148.930350779185,14.4709939674125,-9.864304775095102
0.04,0.0,0.96,6668.735073254673,-8.999999999897433,2399.999999999684,22.99999999999619,84.61820142917382,148.9303897840253,14.470995126398087,-10.50742657563563
0.0,0.030000000000000027,0.97,6.454609376643311e-10,-8.999999999999915,2399.9999999999995,22.999999999999996,80.81623917415858,132.15613047992105,13.972566370070478,-9.58870546457073
0.01,0.020000000000000018,0.97,6668.705994713558,-8.999999999925443,2399.9999999997212,22.99999999999682,84.61818485099892,148.93031664107247,14.470992953036824,-10.212074983114277
0.02,0.010000000000000009,0.97,6668.725157438634,-8.999999999916279,2399.999999999715,22.999999999996678,84.61819577600058,148.9303648421951,14.47099438528003,-10.855196692404931
0.03,0.0,0.97,6668.739497536274,-8.99999999990539,2399.999999999709,22.99999999999654,84.61820395153799,148.93040091268125,14.470995457074586,-11.498318559531048
0.0,0.020000000000000018,0.98,6668.713212746707,-8.999999999929496,2399.999999999741,22.999999999997062,84.6181889661282,148.93033479701467,14.470993492521213,-11.202966885661564
0.01,0.010000000000000009,0.98,6668.730265511992,-8.999999999921572,2399.999999999736,22.999999999996945,84.61819868820534,148.93037769083222,14.470994767063711,-11.84608862926215
0.02,0.0,0.98,6668.743670950187,-8.999999999912255,2399.9999999997303,22.99999999999683,84.61820633087743,148.93041141031475,14.47099576900083,-12.489210568299475
0.0,0.010000000000000009,0.99,6668.7349977043195,-8.999999999926276,2399.9999999997535,22.999999999997176,84.61820138611338,148.93038959399343,14.470995120753543,-12.836980588658596
0.01,0.0,0.99,6668.747639392566,-8.999999999918224,2399.999999999749,22.99999999999708,84.61820859335862,148.93042139237116,14.470996065607206,-13.480102602259318
0.0,0.0,1.0,6668.751557208745,-8.999999999923423,2399.999999999765,22.999999999997293,84.61821082697652,148.93043124708433,14.470996358429637,-14.470994661481399
